Employee Name,Employee Number,State,Zip,Age,Manager Name
"Brown, Mia",1103024456,MA,1450,32,Brandon R. LeBlanc
"LaRotonda, William  ",1106026572,MA,1460,33,Brandon R. LeBlanc
"Steans, Tyrone  ",1302053333,MA,2703,31,Brandon R. LeBlanc
"Howard, Estelle",1211050782,MA,2170,32,Brandon R. LeBlanc
"Singh, Nan ",1307059817,MA,2330,29,Brandon R. LeBlanc
"Smith, Leigh Ann",711007713,MA,1844,30,Brandon R. LeBlanc
"LeBlanc, Brandon  R",1102024115,MA,1460,33,Janet King
"Quinn, Sean",1206043417,MA,2045,33,Janet King
"Boutwell, Bonalyn",1307060188,MA,2468,30,Brandon R. LeBlanc
"Foster-Baker, Amy",1201031308,MA,2050,38,Board of Directors
"King, Janet",1001495124,MA,1902,63,Board of Directors
"Zamora, Jennifer",1112030816,MA,2067,38,Janet King
"Becker, Renee",1102024056,MA,2026,31,Simon Roup
"Goble, Taisha",905013738,MA,2127,46,Simon Roup
"Hernandez, Daniff",1410071156,MA,1960,31,Simon Roup
"Horton, Jayne",1105025718,MA,2493,33,Simon Roup
"Johnson, Noelle ",1003018246,MA,2301,31,Simon Roup
"Murray, Thomas",1406068403,TX,78230,29,Simon Roup
"Pearson, Randall",1102023965,MA,2747,33,Simon Roup
"Petrowsky, Thelma",1108027853,MA,1886,33,Simon Roup
"Roby, Lori ",1407068885,MA,1886,36,Simon Roup
"Rogers, Ivan",1203032255,MA,1810,31,Simon Roup
"Salter, Jason",1111030148,MA,2452,30,Simon Roup
"Simard, Kramer",808010278,MA,2110,47,Simon Roup
"Zhou, Julia",1110029732,MA,2148,38,Simon Roup
"Foss, Jason",1192991000,MA,1460,37,Jennifer Zamora
"Roup,Simon",1106026933,MA,2481,44,Jennifer Zamora
"Ruiz, Ricardo",1001175250,MA,1915,54,Jennifer Zamora
"Monroe, Peter",1011022863,MA,2134,31,Jennifer Zamora
"Dougall, Eric",1101023754,MA,1886,47,Jennifer Zamora
"Clayton, Rick",1301052902,MA,2170,32,Eric Dougall
"Galia, Lisa",1501072093,CT,6040,49,Eric Dougall
"Lindsay, Leonara ",602000312,CT,6070,29,Eric Dougall
"Soto, Julia ",1203032263,MA,2360,44,Eric Dougall
"Bacong, Alejandro ",1212052023,MA,1886,30,Peter Monroe
"Cisco, Anthony",1102024173,MA,2135,28,Peter Monroe
"Dolan, Linda",1101023540,MA,2119,29,Peter Monroe
"Gonzalez, Maria",1988299991,MA,2472,36,Peter Monroe
"Merlos, Carlos",1012023013,MA,2138,30,Peter Monroe
"Morway, Tanya",1001956578,MA,2048,38,Peter Monroe
"Shepard, Anita ",906014183,MA,1773,36,Peter Monroe
"Tredinnick, Neville ",1104025466,MA,1420,29,Peter Monroe
"Turpin, Jumil",1411071506,MA,2343,48,Peter Monroe
"Ait Sidi, Karthikeyan   ",1307060199,MA,2148,42,Simon Roup
"Carr, Claudia  N",1010022337,MA,1886,31,Simon Roup
"Favis, Donald  ",1412071562,CT,6033,53,Simon Roup
"Roehrich, Bianca",1111030266,MA,2703,44,Simon Roup
"Daniele, Ann  ",1411071312,CT,6033,66,Peter Monroe
"Lajiri,  Jyoti",1108028108,MA,2169,31,Peter Monroe
"Semizoglou, Jeremiah  ",904013591,MA,1545,34,Peter Monroe
"South, Joe",1308060959,CT,6278,52,Peter Monroe
"Warfield, Sarah",1301052347,MA,2453,39,Peter Monroe
"Bramante, Elisa",1006020066,MA,2030,34,Janet King
"Albert, Michael  ",1501072311,MA,2169,49,Janet King
"Bozzi, Charles",1303054580,MA,1901,47,Janet King
"Butler, Webster  L",1110029990,MA,2169,34,Janet King
"Dunn, Amy  ",1409070147,MA,1731,44,Janet King
"Gray, Elijiah  ",1307060077,MA,1752,36,Janet King
"Hogland, Jonathan ",1001944783,MA,1890,45,Janet King
"Immediato, Walter",1403065874,MA,2128,41,Janet King
"Liebig, Ketsia",1103024679,MA,2110,36,Janet King
"Miller, Brannon",1107027351,MA,2045,36,Janet King
"Peterson, Ebonee  ",1402065355,MA,2030,40,Janet King
"Spirea, Kelley",1102024149,MA,2451,42,Janet King
"Stanley, David ",1000974650,MA,1803,42,Janet King
"Sullivan, Kissy ",1405067298,MA,1776,39,Janet King
"Wallace, Courtney  E",1410071026,MA,2478,62,Janet King
"Adinolfi, Wilson  K",1409070522,MA,1960,34,Michael Albert
"Alagbe,Trina",1011022883,MA,1886,29,Elijiah Gray
"Anderson, Carol ",1001417624,MA,2169,28,Webster Butler
"Anderson, Linda  ",1304055947,MA,1844,40,Amy Dunn
"Athwal, Sam",1301052124,MA,2199,34,Ketsia Liebig
"Bachiochi, Linda",1212051409,MA,1902,47,Brannon Miller
"Baczenski, Rachael  ",1307060083,MA,1902,44,David Stanley
"Barbara, Thomas",1312063507,MA,2062,43,Kissy Sullivan
"Barone, Francesco  A",1101023679,MA,1810,34,Kelley Spirea
"Barton, Nader",1212051962,MA,2747,40,Michael Albert
"Beatrice, Courtney ",1403066194,MA,1915,47,Elijiah Gray
"Becker, Scott",1110029777,MA,2452,38,Webster Butler
"Bernstein, Sean",1109029366,MA,2072,47,Amy Dunn
"Biden, Lowan  M",1412071844,MA,2027,59,Ketsia Liebig
"Billis, Helen",1308060366,MA,2031,28,Brannon Miller
"Brill, Donna",1406068293,MA,1701,27,David Stanley
"Bugali, Josephine ",1408069635,MA,2043,48,Kissy Sullivan
"Carey, Michael  ",1311063114,MA,1701,34,Kelley Spirea
"Chace, Beatrice ",1208048062,MA,2763,67,Michael Albert
"Chan, Lin",1305057282,MA,2170,38,Elijiah Gray
"Chang, Donovan  E",1111030129,MA,1845,34,Webster Butler
"Chivukula, Enola",1101023394,MA,1775,34,Amy Dunn
"Cierpiszewski, Caroline  ",1012023295,MA,2044,29,Ketsia Liebig
"Clukey, Elijian",1407069280,MA,2134,37,Brannon Miller
"Cockel, James",1599991009,MA,2452,40,David Stanley
"Cole, Spencer",1001450968,MA,1880,38,Kissy Sullivan
"Cornett, Lisa ",1403066069,MA,2189,40,Kelley Spirea
"Crimmings,   Jean",1311063172,MA,1821,30,Michael Albert
"Darson, Jene'ya ",1001109612,MA,2110,39,Elijiah Gray
"DeGweck,  James",1306058816,MA,1810,40,Webster Butler
"Desimone, Carl ",1501072124,MA,2061,50,Amy Dunn
"Dickinson, Geoff ",706006285,MA,2180,35,Ketsia Liebig
"DiNocco, Lily ",1209048696,MA,2351,39,Brannon Miller
"Dobrin, Denisa  S",1202031618,MA,2125,31,David Stanley
"Eaton, Marianne",1406067865,MA,2343,26,Kissy Sullivan
"Engdahl, Jean",1007020403,MA,2026,43,Kelley Spirea
"England, Rex",1101023612,MA,2045,39,Kelley Spirea
"Estremera, Miguel",1104025243,MA,2129,34,Michael Albert
"Evensen, April",1107027392,MA,2458,28,Elijiah Gray
"Ferguson, Susan",1502072511,MA,2176,62,Webster Butler
"Fernandes, Nilson  ",1302053339,MA,2132,28,Amy Dunn
"Ferreira, Violeta",803009012,MA,2176,31,Ketsia Liebig
"Fidelia,  Libby",1006020020,MA,2155,36,Brannon Miller
"Garcia, Raul",1309061015,MA,1905,32,David Stanley
"Garneau, Hamish",1104025414,MA,1550,37,Kissy Sullivan
"Gaul, Barbara",1105026041,MA,2121,34,Kelley Spirea
"Gentry, Mildred",1501072192,MA,2145,27,Michael Albert
"Gerke, Melisa",1308060622,MA,2330,47,Elijiah Gray
"Gilles, Alex",1008020960,MA,2062,43,Webster Butler
"Girifalco, Evelyn",1204032927,MA,2451,37,Amy Dunn
"Gold, Shenice  ",1408069539,MA,2451,25,Ketsia Liebig
"Gonzalez, Cayo",1411071212,MA,2108,48,Brannon Miller
"Gordon, David",1106026579,MA,2169,38,David Stanley
"Goyal, Roxana",1312063675,MA,1864,43,Kissy Sullivan
"Gross, Paula",1103024859,MA,2176,34,Kelley Spirea
"Handschiegl, Joanne",1405067064,MA,2127,40,Michael Albert
"Harrell, Ludwick",1406068241,MA,1776,35,Elijiah Gray
"Harrington, Christie ",1110029602,MA,2324,65,Webster Butler
"Harrison, Kara",1404066622,MA,1886,43,Amy Dunn
"Heitzman, Anthony",1002017900,MA,2149,34,Ketsia Liebig
"Ivey, Rose ",1408069882,MA,1775,27,Brannon Miller
"Jackson, Maryellen",1201031438,MA,2081,45,David Stanley
"Jacobi, Hannah  ",1503072857,MA,1778,51,Kissy Sullivan
"Jhaveri, Sneha  ",1412071713,MA,2109,53,Kelley Spirea
"Johnson, George",1105025721,MA,2445,58,Michael Albert
"Jung, Judy  ",1107027450,MA,2446,31,Elijiah Gray
"Keatts, Kramer ",1301052462,MA,1887,42,Michael Albert
"Kinsella, Kathleen  ",710007401,MA,2170,44,Webster Butler
"Kirill, Alexandra  ",903013071,MA,2127,47,Amy Dunn
"Knapp, Bradley  J",1304055683,MA,1721,40,Ketsia Liebig
"Kretschmer, John",1311062610,MA,1801,37,Brannon Miller
"Langton, Enrico",1304055987,MA,2048,31,David Stanley
"Leach, Dallas",1408069409,MA,1810,39,Kissy Sullivan
"LeBel, Jonathan  R",1107027575,MA,2050,36,Kelley Spirea
"Linares, Marilyn ",1206042315,MA,1886,36,Michael Albert
"Lydon, Allison",1101023353,MA,2122,42,Elijiah Gray
"Lynch, Lindsay",1001138521,MA,1844,44,Webster Butler
"MacLennan, Samuel",1201031032,MA,1938,45,Amy Dunn
"Mahoney, Lauren  ",1209049259,MA,2189,31,Ketsia Liebig
"Mangal, Debbie",1308060754,MA,2451,43,Brannon Miller
"Maurice, Shana",1401064327,MA,2330,40,David Stanley
"Mckenna, Sandy",909015167,MA,2184,31,Kissy Sullivan
"Meads, Elizabeth",1409070245,MA,1760,49,Kelley Spirea
"Medeiros, Jennifer",1109029256,MA,2346,41,Michael Albert
"Motlagh,  Dawn",1102024121,MA,2453,33,Elijiah Gray
"Ndzi, Colombui",1204033041,MA,2110,28,Webster Butler
"Ndzi, Horia",1204033041,MA,2421,34,Amy Dunn
"Newman, Richard ",1302053044,MA,2136,40,Ketsia Liebig
"Ngodup, Shari ",1403066020,MA,1810,50,Brannon Miller
"Nguyen, Lei-Ming",1203032357,MA,2132,33,David Stanley
"O'hare, Lynn",1206044851,MA,2152,37,Kissy Sullivan
"Osturnka, Adeel",1404066949,MA,2478,41,Kelley Spirea
"Owad, Clinton",1103024335,MA,1760,38,Michael Albert
"Panjwani, Nina",1109029531,MA,2351,38,Elijiah Gray
"Pelech, Emil",1307060058,MA,2458,29,Webster Butler
"Perry, Shakira",1109029186,MA,2176,31,Amy Dunn
"Peterson, Kayla ",1307059944,MA,1749,44,Ketsia Liebig
"Pham, Hong",1305057440,MA,2451,29,Brannon Miller
"Pitt, Brad ",1001735072,MA,2451,36,David Stanley
"Power, Morissa",1102024274,MA,1742,33,Kissy Sullivan
"Punjabhi, Louis  ",1401064562,MA,2109,56,Kelley Spirea
"Purinton, Janine",1011022926,MA,2474,47,Kissy Sullivan
"Rarrick, Quinn",1208048229,MA,2478,33,Michael Albert
"Rhoads, Thomas",1211050793,MA,2176,35,Elijiah Gray
"Rivera, Haley  ",1405067642,MA,2171,45,Webster Butler
"Robinson, Alain  ",1206038000,MA,1420,44,Amy Dunn
"Robinson, Cherly",1403065625,MA,1460,33,Ketsia Liebig
"Robinson, Elias",1011022887,MA,1730,33,Brannon Miller
"Rose, Ashley  ",710007555,MA,1886,43,David Stanley
"Rossetti, Bruno",1405067492,MA,2155,30,Kissy Sullivan
"Saar-Beckles, Melinda",1410070998,MA,1801,49,Kelley Spirea
"Sadki, Nore  ",1308060535,MA,2148,43,Michael Albert
"Sander, Kamrin",1302053362,MA,2154,29,Elijiah Gray
"Sewkumar, Nori",807010161,MA,2191,42,Webster Butler
"Shields, Seffi",1205033102,MA,2149,32,Amy Dunn
"Smith, Sade",1501071909,MA,2130,53,Ketsia Liebig
"Sparks, Taylor  ",1410071137,MA,2093,49,Brannon Miller
"Squatrito, Kristen",1405067138,MA,2359,44,David Stanley
"Stanford,Barbara  M",1111030244,MA,2050,35,Kissy Sullivan
"Stoica, Rick",1106026896,MA,2301,32,Kelley Spirea
"Sullivan, Timothy",1201031310,MA,2747,35,Michael Albert
"Sutwell, Barbara",1407069061,MA,2718,49,Elijiah Gray
"Tavares, Desiree  ",1405067501,MA,1801,42,Webster Butler
"Theamstern, Sophia",1404066739,MA,2066,52,Amy Dunn
"Tinto, Theresa  ",1103024504,MA,1876,34,Ketsia Liebig
"Tippett, Jeanette",1409070255,MA,2093,50,Brannon Miller
"Trang, Mei",1012023152,MA,2021,34,David Stanley
"Veera, Abdellah ",1203032235,MA,2171,30,Kissy Sullivan
"Volk, Colleen",1011022814,MA,2747,31,Kelley Spirea
"Von Massenbach, Anna",1106026474,MA,2124,32,Michael Albert
"Wallace, Theresa",1101023619,MA,1887,37,Elijiah Gray
"Whittier, Scott",1307060212,MA,2030,30,Webster Butler
"Wilber, Barry",1101023839,MA,2324,52,Amy Dunn
"Williams, Jacquelyn  ",1308060671,MA,2109,48,Ketsia Liebig
"Ybarra, Catherine ",1001268402,MA,2458,35,Brannon Miller
"Zima, Colleen",1211051232,MA,1730,39,David Stanley
"Akinkuolie, Sarah",1005019209,MA,1810,29,Kissy Sullivan
"Beak, Kimberly  ",1303054329,MA,2145,51,Kelley Spirea
"Blount, Dianna",1403066125,MA,2171,27,Michael Albert
"Bondwell, Betsy",1008021030,MA,2210,51,Elijiah Gray
"Buccheri, Joseph  ",1101023457,MA,1013,34,Webster Butler
"Burke, Joelle",1011022820,MA,2148,37,Amy Dunn
"Burkett, Benjamin ",1301052449,MA,1890,40,Ketsia Liebig
"Cloninger, Jennifer",1012023226,MA,1752,36,Brannon Miller
"Close, Phil",1209048697,MA,2169,39,David Stanley
"Davis, Daniel",1201031274,MA,2458,38,Kissy Sullivan
"Demita, Carla",1104025179,MA,2343,66,Kelley Spirea
"Erilus, Angela",1105025661,MA,2133,28,Michael Albert
"Faller, Megan ",1108028428,MA,1824,39,Elijiah Gray
"Fancett, Nicole",1402065085,MA,2324,30,Webster Butler
"Fitzpatrick, Michael  J",1109029103,MA,2143,36,Amy Dunn
"Foreman, Tanya",1012023204,MA,2170,34,Ketsia Liebig
"Gonzalez, Juan",1411071324,MA,2128,53,Brannon Miller
"Good, Susan",1001549006,MA,1886,31,David Stanley
"Gosciminski, Phylicia  ",1108028351,MA,1824,34,Kissy Sullivan
"Hankard, Earnest",1307059937,MA,2155,29,Kelley Spirea
"Hendrickson, Trina",1011022932,MA,2021,45,Kelley Spirea
"Homberger, Adrienne  J",1207046956,MA,2445,33,Michael Albert
"Hunts, Julissa",1106026433,MA,2021,33,Elijiah Gray
"Hutter, Rosalie",1103024924,MA,2351,25,Webster Butler
"Huynh, Ming",1306058509,MA,1742,41,Amy Dunn
"Jeannite, Tayana",1008020942,MA,1821,31,Ketsia Liebig
"Johnston, Yen",1306057810,MA,2128,48,Brannon Miller
"Langford, Lindsey",1010022030,MA,2090,38,David Stanley
"Latif, Mohammed",1104025486,MA,2126,33,Kissy Sullivan
"Linden, Mathew",1405067565,MA,1770,38,Kelley Spirea
"Lundy, Susan",1305056276,MA,2122,41,Michael Albert
"Lunquist, Lisa",1001504432,MA,2324,35,Elijiah Gray
"Manchester, Robyn",1110029623,MA,2324,41,Webster Butler
"Mancuso, Karen",1304055986,MA,2176,31,Amy Dunn
"McCarthy, Brigit",1406067957,MA,2149,30,Ketsia Liebig
"Miller, Ned",1205033439,MA,2472,32,Brannon Miller
"Monkfish, Erasumus  ",1404066711,MA,1450,25,David Stanley
"Monterro, Luisa",1001103149,MA,2126,47,Kissy Sullivan
"Moran, Patrick",1408069503,MA,2127,41,Kelley Spirea
"Moumanil, Maliki ",1301052436,MA,1460,43,Michael Albert
"Nowlan, Kristie",1104025435,MA,1040,32,Elijiah Gray
"Oliver, Brooke ",1001856521,MA,2492,65,Webster Butler
"Pelletier, Ermine",1202031821,MA,2472,28,Amy Dunn
"Peters, Lauren",1411071406,MA,1886,31,Ketsia Liebig
"Petingill, Shana  ",1103024843,MA,2050,38,Brannon Miller
"Roberson, May",1402065340,MA,1902,36,David Stanley
"Robertson, Peter",1499902991,MA,2138,45,Kissy Sullivan
"Sahoo, Adil",1106026462,MA,2062,31,Kelley Spirea
"Sloan, Constance",1012023103,MA,1851,30,Michael Albert
"Smith, Joe",1001970770,MA,2045,54,Elijiah Gray
"Tejeda, Lenora ",1406068345,MA,2129,64,Elijiah Gray
"Thibaud, Kenneth",1011022777,MA,2472,42,Webster Butler
"Trzeciak, Cybil",1107027551,MA,1778,32,Amy Dunn
"Walker, Roger",1011022818,MA,2459,41,Ketsia Liebig
"Winthrop, Jordan  ",1405067188,MA,2045,59,Brannon Miller
"Wolk, Hang  T",1205033180,MA,2302,32,David Stanley
"Woodson, Jason",1012023010,MA,1810,32,Kissy Sullivan
"Buck, Edward",1504073313,MA,2330,42,Lynn Daneault
"Bunbury, Jessica",1504073368,VA,21851,53,John Smith
"Carter, Michelle ",1403065721,VT,5664,54,John Smith
"Costa, Latia",1409070567,CA,90007,29,Lynn Daneault
"Dietrich, Jenna  ",1408069481,WA,98052,30,John Smith
"Digitale, Alfred",1306059197,NH,3062,29,John Smith
"Fraval, Maruk ",1411071302,CT,6050,54,Lynn Daneault
"Friedman, Gerry",1204032843,NY,10171,48,John Smith
"Gill, Whitney  ",1302053046,OH,43050,46,John Smith
"Givens, Myriam",1203032099,IN,46204,28,Lynn Daneault
"Gonzales, Ricardo",1411071481,ID,83706,63,John Smith
"Guilianno, Mike",1001167253,TN,37129,48,John Smith
"Jeremy, Prater",1001084890,NV,89139,43,Lynn Daneault
"Khemmich, Bartholemew",1104025008,CO,80820,38,Lynn Daneault
"Leruth, Giovanni",1412071660,UT,84111,29,John Smith
"Martins, Joseph",1209048771,TX,78207,47,Lynn Daneault
"McKinzie, Jac",1209049326,TX,78789,33,Lynn Daneault
"Mullaney, Howard",1306057978,AL,36006,42,John Smith
"Nguyen, Dheepa",1111030684,GA,30428,28,Lynn Daneault
"Onque, Jasmine",1501072180,FL,33174,27,Lynn Daneault
"Ozark, Travis",812011761,NC,27229,35,John Smith
"Potts, Xana",1102024106,KY,40220,29,Lynn Daneault
"Riordan, Michael",1502072711,ND,58782,50,Lynn Daneault
"Strong, Caitrin",1411071295,MT,59102,28,John Smith
"Terry, Sharlene ",1401064637,OR,97756,52,Lynn Daneault
"Valentin,Jackie",1312063714,AZ,85006,26,John Smith
"Villanueva, Noah",1111030503,ME,4063,28,John Smith
"Houlihan, Debra",1009021646,RI,2908,51,Janet King
"Daneault, Lynn",1402065303,VT,5473,27,Debra Houlihan
"Kampew, Donysha    ",1109029264,PA,19444,28,Debra Houlihan
"Smith, John",1499902910,MA,1886,33,Debra Houlihan
"Andreola, Colby",1107027358,MA,2110,38,Alex Sweetwater
"Carabbio, Judith",1101023577,MA,2132,30,Alex Sweetwater
"Del Bosque, Keyla",1203032498,MA,2176,38,Alex Sweetwater
"Exantus, Susan",1401064670,MA,1749,30,Alex Sweetwater
"Martin, Sandra",1303054625,MA,2135,30,Alex Sweetwater
"Patronick, Luke",1112030979,MA,1844,38,Alex Sweetwater
"Saada, Adell",1012023185,MA,2132,31,Alex Sweetwater
"Szabo, Andrew",1201031324,MA,2140,34,Alex Sweetwater
"True, Edward",1102024057,MA,2451,34,Alex Sweetwater
"Sweetwater, Alex",1001644719,MA,2184,51,Jennifer Zamora
